,headline,city,country
0,Authorities are Worried about the Spread of Norovirus in Dubai,Dubai,United Arab Emirates
1,West Nile Virus Symptoms Spread all over Yerevan,Yerevan,Armenia
2,Tuberculosis Hits Luanda,Luanda,Angola
3,Outbreak of Zika in Santa Elena,Santa Elena,Argentina
4,Will Hepatitis B vaccine help La Paz?,La Paz,Argentina
5,Authorities are Worried about the Spread of Norovirus in Buenos Aires,Buenos Aires,Argentina
7,Hepatitis E re-emerges in Santa Rosa,Santa Rosa,Argentina
10,San Juan reports 1st U.S. Zika-related death amid outbreak,San Juan,Argentina
13,Zika alert for Rio Grande Valley residents,Rio Grande,Argentina
16,Will the Mad Cow Outbreak Reach Vienna?,Vienna,Austria
17,Rumors about Hepatitis D spreading in Albany have been refuted,Albany,Australia
19,Townsville Zika tests inconclusive,Townsville,Australia
20,Schools in Sydney Closed Due to Respiratory Syncytial Virus Outbreak,Sydney,Australia
21,Precautionary Zika measures in Rockhampton,Rockhampton,Australia
23,Authorities are Worried about the Spread of Chickenpox in Richmond,Richmond,Australia
27,Zika arrives in Orange City,Orange,Australia
28,Will Herpes vaccine help Newcastle?,Newcastle,Australia
29,Case of Hepatitis E Reported in Melbourne,Melbourne,Australia
30,More Zika patients reported in Melbourne,Melbourne,Australia
32,Gladstone Encounters Severe Symptoms of Dengue,Gladstone,Australia
33,Tuberculosis has Arrived in Fairfield,Fairfield,Australia
34,The Spread of West Nile Virus in Fairfield has been Confirmed,Fairfield,Australia
35,Spike of Norovirus Cases in Canberra,Canberra,Australia
36,Rumors about Bronchitis spreading in Bundaberg have been refuted,Bundaberg,Australia
37,Brisbane is infested with Meningitis,Brisbane,Australia
38,Rumors about Mad Cow Disease Brighton have been Refuted,Brighton,Australia
39,Authorities are Worried about the Spread of Hepatitis D in Ganja,Ganja,Azerbaijan
40,The Spread of Herpes in Baku has been Confirmed,Baku,Azerbaijan
44,Mad Cow Disease Disastrous to Brussels,Brussels,Belgium
52,Rabies Exposure in Hamilton,Hamilton,Bermuda
53,Trinidad confirms first Zika case,Trinidad,Bolivia
55,Will Hepatitis B vaccine help La Paz?,La Paz,Bolivia
57,"Mystery Virus Spreads in Recife, Brazil",Recife,Brazil
58,Zika spreads to Olinda,Olinda,Brazil
59,Zika arrives in Natal,Natal,Brazil
60,Zika case reported in Limoeiro,Limoeiro,Brazil
61,More Zika patients reported in Joao Pessoa,Joao Pessoa,Brazil
63,Zika symptoms spotted in Fortaleza,Fortaleza,Brazil
64,More Zika patients reported in Custodia,Custodia,Brazil
66,Chikungunya Exposure in Toledo,Toledo,Brazil
67,Zika Infested Monkeys in Sao Paulo,Sao Paulo,Brazil
68,Zika Reported in Sao Jose,Sao Jose,Brazil
69,Zika arrives in Santos,Santos,Brazil
71,Hepatitis E re-emerges in Santa Rosa,Santa Rosa,Brazil
72,Zika spreading to Salvador,Salvador,Brazil
74,Influenza has not Left Sacramento,Sacramento,Brazil
75,Zika alert for Rio Grande Valley residents,Rio Grande,Brazil
76,More Zika patients reported in Ribeirao Preto,Ribeirao Preto,Brazil
77,"Zika outbreak in Piracicaba, Brazil",Piracicaba,Brazil
79,Zika Troubles come to Niteroi,Niteroi,Brazil
80,Zika case reported in Jacobina,Jacobina,Brazil
81,Zika symptoms spotted in Colombo,Colombo,Brazil
82,Outbreak of Zika in Colombo,Colombo,Brazil
84,More Zika patients reported in Camacari,Camacari,Brazil
85,Second Zika Paitient in Brasilia,Brasilia,Brazil
86,More Zika patients reported in Botucatu,Botucatu,Brazil
87,New Zika Case Confirmed in Belo Horizonte,Belo Horizonte,Brazil
89,Zika Outbreak in Manaus,Manaus,Brazil
90,"Student sick in Campinas, Brazil",Campinas,Brazil
91,Meningitis re-emerges in Nassau,Nassau,Bahamas
92,Zika arrives in Belmopan,Belmopan,Belize
93,Belize City under threat from Zika,Belize City,Belize
94,Case of Malaria Reported in Aurora,Aurora,Canada
95,Case of Hepatitis A Reported in Calgary,Calgary,Canada
96,More Patients in Cambridge are Getting Diagnosed with Chickenpox,Cambridge,Canada
97,Varicella Exposure in Cambridge,Cambridge,Canada
98,Mad Cow Disease Re-emerges in Chatham,Chatham,Canada
99,Rabies Exposure in Hamilton,Hamilton,Canada
101,Authorities are Worried about the Spread of Dengue in Kingston,Kingston,Canada
104,Mad Cow Disease Hits London,London,Canada
105,Varicella has Arrived in Milton,Milton,Canada
106,Rumors about Hepatitis D Spreading in Montreal have been Refuted,Montreal,Canada
107,Authorities are Worried about the Spread of Hepatitis D in North Bay,North Bay,Canada
108,Chikungunya Keeps Spreading in North Vancouver,North Vancouver,Canada
109,Rumors about Pneumonia spreading in Ottawa have been refuted,Ottawa,Canada
111,Authorities are Worried about the Spread of Chickenpox in Richmond,Richmond,Canada
112,West Nile Virus Outbreak in Saint Johns,Saint John,Canada
113,St. Catharines Patient in Critical Condition after Contracting Dengue,St. Catharines,Canada
114,Case of Norovirus Reported in Stratford,Stratford,Canada
115,Malaria has Arrived in Terrebonne,Terrebonne,Canada
116,More people in Toronto are infected with Hepatitis E every year,Toronto,Canada
117,Case of Measles Reported in Vancouver,Vancouver,Canada
119,Tests negative on Windsor Zika carriers,Windsor,Canada
120,Norovirus has Arrived in Winnipeg,Winnipeg,Canada
121,Halifax is infested with Swine Flu,Halifax,Canada
122,Hepatitis B Vaccine is now Required in Quebec,Quebec,Canada
123,Schools in Sydney Closed Due to Respiratory Syncytial Virus Outbreak,Sydney,Canada
125,Pneumonia has not Left Kinshasa,Kinshasa,Democratic Republic of the Congo
126,The Spread of Malaria in Brazzaville has been Confirmed,Brazzaville,Republic of the Congo
140,Will Tuberculosis vaccine help Cherry Creek?,Wil,Switzerland
147,Lausanne Residents Recieve Meningitis vaccine,Lausanne,Switzerland
148,Geneve Scientists Battle to Find Cure,Geneve,Switzerland
150,How to Avoid Contaminated Meat when Visiting Basel,Basel,Switzerland
173,New Los Angeles Hairstyle goes Viral,Los Angeles,Chile
174,Schools in Yaounde Closed Due to Mumps Outbreak,Yaounde,Cameroon
177,Wuhan is infested with Varicella,Wuhan,China
178,Rumors about Swine Flu spreading in Suzhou have been refuted,Suzhou,China
179,Schools in Shenzhen Closed Due to Malaria Outbreak,Shenzhen,China
180,Huzhou Residents Receive Hepatitis B vaccine,Huzhou,China
181,Guangzhou Patient in Critical Condition after Contracting Swine Flu,Guangzhou,China
182,West Nile Virus has Arrived in Dongguan,Dongguan,China
183,Authorities are Worried about the Spread of Hepatitis B in Yiwu,Yiwu,China
184,Beijing team cracks Zika secret,Beijing,China
185,Rumors about Swine Flu spreading in Suzhou have been refuted,Suzhou,China
186,Villavicencio under Zika threat,Villavicencio,Colombia
187,Zika Outbreak in Sincelejo,Sincelejo,Colombia
188,New medicine wipes out Meningitis in Sevilla,Sevilla,Colombia
189,Zika arrives in San Onofre,San Onofre,Colombia
190,Zika case reported in Medellin,Medellin,Colombia
191,Spanish flu spreading in Madrid,Madrid,Colombia
192,Rabies Hits Madrid,Madrid,Colombia
193,Spanish Flu Spreading through Madrid,Madrid,Colombia
194,New medicine wipes out Measles in Fresno,Fresno,Colombia
195,Zika case reported in Los Fresnos,Fresno,Colombia
197,"Zika Mosquitoes May Have Bred in Bromeliads, Florida Officials Say",Florida,Colombia
198,Rumors about Hepatitis C spreading in Darien have been refuted,Darien,Colombia
199,Visitor to Cucuta contracts Zika,Cucuta,Colombia
200,Zika spreads to Caucasia,Caucasia,Colombia
201,18 new Zika Cases in Bogota,Bogota,Colombia
202,Zika symptoms spotted in Bello,Bello,Colombia
203,Zika spreads to Barranquilla,Barranquilla,Colombia
204,San Juan reports 1st U.S. Zika-related death amid outbreak,San Juan,Costa Rica
211,Key Zika Findings in San Diego Institute,San Diego,Costa Rica
212,Trinidad confirms first Zika case,Trinidad,Cuba
214,Zika Virus Transmission Detected in Havana,Havana,Cuba
216,"Zika Mosquitoes May Have Bred in Bromeliads, Florida Officials Say",Florida,Cuba
217,Praia tests new cure for Pneumonia,Praia,Cabo Verde
218,Pilsen Encounters Severe Symptoms of Malaria,Pilsen,Czechia
219,More Patients in Stuttgart are Getting Diagnosed with Rabies,Stuttgart,Germany
220,Case of Mad Cow Disease Reported in Hilden,Hilden,Germany
222,Will Meningitis vaccine help Hamburg?,Hamburg,Germany
223,Duisburg up in Arms over Mad Cow Disease,Duisburg,Germany
225,Contaminated Meat Brings Trouble for Bonn Farmers,Bonn,Germany
226,Spike of Chlamydia Cases in Berlin,Berlin,Germany
227,Norovirus Keeps Spreading in Copenhagen,Copenhagen,Denmark
228,Arhus is infested with Bronchitis,Arhus,Denmark
229,Zika alert for Rio Grande Valley residents,Rio Grande,Dominican Republic
230,Zika symptoms spotted in Quisqueya,Quisqueya,Dominican Republic
232,Spanish Flu Sighted in Antigua,Sig,Algeria
235,Hepatitis E re-emerges in Santa Rosa,Santa Rosa,Ecuador
236,Outbreak of Zika in Santa Elena,Santa Elena,Ecuador
237,Zika symptoms spotted in Quito,Quito,Ecuador
238,Outbreak of Zika in Portoviejo,Portoviejo,Ecuador
239,Zika Troubles come to La Libertad,La Libertad,Ecuador
240,Hepatitis D Exposure in Aswan,Aswan,Egypt
241,More Patients in Alexandria are Getting Diagnosed with Mumps,Alexandria,Egypt
242,Chikungunya Exposure in Toledo,Toledo,Spain
243,New medicine wipes out Meningitis in Sevilla,Sevilla,Spain
258,Mad Cow case in Murcia,Murcia,Spain
259,Zika Troubles come to Jaen,Jaen,Spain
264,Spanish flu spreading in Madrid,Madrid,Spain
265,Rabies Hits Madrid,Madrid,Spain
266,Spanish Flu Spreading through Madrid,Madrid,Spain
267,Durango is infested with Hepatitis B,Durango,Spain
272,Will Rotavirus vaccine help Addis Ababa?,Addis Ababa,Ethiopia
273,Suva authorities confirmed the spread of Rotavirus,Suva,Fiji
274,More people in Nadi are infected with HIV every year,Nadi,Fiji
275,Rotavirus Vaccine is now Required in Labasa,Labasa,Fiji
276,Will MCD vaccine help Strasbourg?,Strasbourg,France
278,Scientists in Paris to look for answers,Paris,France
281,Zika arrives in Orange City,Orange,France
282,Rumors about HIV spreading in Montpellier have been refuted,Montpellier,France
283,Mad Cow Disease Detected in Lyon,Lyon,France
285,Hepatitis D has Arrived in Grenoble,Grenoble,France
286,More Livestock in Fontainebleau are infected with Mad Cow Disease,Fontainebleau,France
294,Bronchitis Outbreak in Manhasset,Bron,France
300,Sick Livestock Leads to Serious Trouble for Belfort,Belfort,France
302,Hepatitis E has not Left Libreville,Libreville,Gabon
304,Tests negative on Windsor Zika carriers,Windsor,United Kingdom
307,Hepatitis A re-emerges in Stamford,Stamford,United Kingdom
308,Southampton Patient in Critical Condition after Contracting Tuberculosis,Southampton,United Kingdom
311,Rochester authorities confirmed the spread of Dengue,Rochester,United Kingdom
312,Herpes Keeps Spreading in Rochester,Rochester,United Kingdom
313,Oxford tests new cure for HIV,Oxford,United Kingdom
314,Mad Cow Disease Spreads to Margate,Margate,United Kingdom
315,Manchester Residents Recieve Influenza vaccine,Manchester,United Kingdom
316,London Health Unit Tracks Mad Cow Disease,London,United Kingdom
317,Mad Cow Disease Hits London,London,United Kingdom
319,Spike of Norovirus Cases in Huddersfield,Huddersfield,United Kingdom
320,How to Avoid Chikungunya in Hampton,Hampton,United Kingdom
321,Rabies Exposure in Hamilton,Hamilton,United Kingdom
322,Halifax is infested with Swine Flu,Halifax,United Kingdom
324,Schools in Glasgow Closed Due to Hepatitis B Outbreak,Glasgow,United Kingdom
325,"Bad Water Leads to Sickness in Flint, Michigan",Flint,United Kingdom
327,Hepatitis B Exposure in Edinburgh,Edinburgh,United Kingdom
328,Authorities are Worried about the Spread of Mad Cow Disease in Edinburgh,Edinburgh,United Kingdom
329,More people in Durham are infected with Chlamydia every year,Durham,United Kingdom
331,Mad Cow Disease Re-emerges in Chatham,Chatham,United Kingdom
332,More Patients in Cambridge are Getting Diagnosed with Chickenpox,Cambridge,United Kingdom
333,Varicella Exposure in Cambridge,Cambridge,United Kingdom
335,Rumors about Mad Cow Disease Brighton have been Refuted,Brighton,United Kingdom
336,Flu season hits Boston,Boston,United Kingdom
337,Birmingham Residents Recieve Rabies vaccine,Birmingham,United Kingdom
338,Schools in Birmingham Closed Due to Measles Outbreak,Birmingham,United Kingdom
340,More contaminated cattle reported in Bedford,Bedford,United Kingdom
341,Mad Cow Disease re-emerges in Bedford,Bedford,United Kingdom
342,Case of Swine Flu Reported in Tbilisi,Tbilisi,Georgia
393,Rhinovirus has Arrived in Athens,Athens,Greece
395,Rumors about Meningitis spreading in Guatemala City have been refuted,Guatemala City,Guatemala
396,Norovirus Exposure in Hong Kong,Hong Kong,Hong Kong
397,Zika arrives in Tegucigalpa,Tegucigalpa,Honduras
399,Will Hepatitis B vaccine help La Paz?,La Paz,Honduras
424,West Nile Virus Hits Yogyakarta,Yogyakarta,Indonesia
425,19 new Zika Cases in Sengkang,Sengkang,Indonesia
426,Lower Hospitalization in Pekanbaru after Rotavirus Vaccine becomes Mandatory,Pekanbaru,Indonesia
438,Gympie Patient in Critical Condition after Contracting Chlamydia,Pati,Indonesia
448,More Patients in Maynard are Getting Diagnosed with Syphilis,Pati,Indonesia
450,Zika now spreading through Jakarta,Jakarta,Indonesia
451,Will West Nile Virus vaccine help Dumai?,Dumai,Indonesia
453,Mad Cow Outbreak Spreading in Ennis,Ennis,Ireland
455,Rumors about Rabies spreading in Jerusalem have been refuted,Jerusalem,Israel
467,Zika symptoms spotted in Surat,Surat,India
470,Pune woman diagnosed with Zika,Pune,India
471,Zika Outbreak in Puducherry,Puducherry,India
474,Rumors about Syphilis spreading in Penal have been refuted,Pen,India
475,New Delhi Addressing Zika Concerns,New Delhi,India
487,More Zika patients reported in Chennai,Chennai,India
490,Outbreak of Zika in Kozhikode,Kozhikode,India
494,Zika Outbreak in Hyderabad,Hyderabad,India
496,Lower Hospitalization in Dhaka after Measles Vaccine becomes Mandatory,Dhaka,India
497,Zika: Delhi for strict monitoring,Delhi,India
499,Mumbai's Health Minister warns of more Zika cases,Mumbai,India
500,Rumors about Tuberculosis Spreading in Baud have been Refuted,Baud,India
503,Zika Troubles come to Greater Noida,Greater Noida,India
523,Measles Hits Davos,Hit,Iraq
524,Bronchitis re-emerges in Tehran,Tehran,Iran
527,Authorities are Worried about the Spread of Mad Cow Disease in Rome,Rome,Italy
528,Mad Cow Disease Hits Naples,Naples,Italy
530,Hepatitis B has not Left Florence,Florence,Italy
531,Authorities are Worried about the Spread of Tuberculosis in Cantu,Cantu,Italy
541,Herpes Symptoms Spread all over New Kingston,New Kingston,Jamaica
542,Authorities are Worried about the Spread of Dengue in Kingston,Kingston,Jamaica
544,More people in Yokohama are infected with Norovirus every year,Yokohama,Japan
546,Tokyo Encounters Severe Symptoms of Meningitis,Tokyo,Japan
551,Chikungunya re-emerges in Kobe,Kobe,Japan
552,Hepatitis A Vaccine is now Required in Fukushima,Fukushima,Japan
553,Molo Cholera Spread Causing Concern,Molo,Kenya
554,Phnom Penh hit by Zika Threat,Phnom Penh,Cambodia
555,More Zika patients reported in Kampong Speu,Kampong Speu,Cambodia
556,Zika Troubles come to Kampong Cham,Kampong Cham,Cambodia
557,Authorities are Worried about the Spread of Syphilis in Pyongyang,Pyongyang,North Korea
558,Seoul confirms 14th Zika infection,Seoul,South Korea
560,Zika symptoms spotted in Colombo,Colombo,Sri Lanka
561,Outbreak of Zika in Colombo,Colombo,Sri Lanka
563,Spike of Hepatitis B Cases in Greenville,Greenville,Liberia
566,Will Rabies vaccine help Tangier?,Tangier,Morocco
575,Is Zika virus in Majuro?,Majuro,Marshall Islands
598,First Zika case confirmed in Yangon,Yangon,Myanmar
599,Spike of Respiratory Syncytial Virus Cases in Mandalay,Mandalay,Myanmar
600,HIV Symptoms Spread all over Hinthada,Hinthada,Myanmar
601,Veracruz hit by Zika Concerns,Veracruz,Mexico
602,Zika case reported in Reynosa,Reynosa,Mexico
603,Zika arrives in Oaxaca,Oaxaca,Mexico
604,More Zika patients reported in Nuevo Laredo,Nuevo Laredo,Mexico
605,Zika outbreak spreads to Mexico City,Mexico City,Mexico
606,Spreading Zika ruining Cancun fun,Cancun,Mexico
607,Cancun hit by Outbreak of Party Fever!,Cancun,Mexico
610,Zika spreads to San Luis Potosi,San Luis Potosi,Mexico
611,Zika alert for Rio Grande Valley residents,Rio Grande,Mexico
612,Zika Outbreak in Mexicali,Mexicali,Mexico
613,Meningitis re-emerges in Medina,Medina,Mexico
614,Madera Patient in Critical Condition after Contracting Rabies,Madera,Mexico
615,Will Hepatitis B vaccine help La Paz?,La Paz,Mexico
616,Zika Reported in Ciudad Acuna,Ciudad Acuna,Mexico
617,Four cases of Zika in Hidalgo County,Hidalgo,Mexico
618,"Zika reaches Johor Bahru, Malaysia",Johor Bahru,Malaysia
619,"Zika surfaces in Klang, Malaysia",Klang,Malaysia
620,"New Zika Case in Kota Kinabalu, Malaysia",Kota Kinabalu,Malaysia
622,Petaling Jaya man ill from Zika,Petaling Jaya,Malaysia
623,Kuala Lumpur is Hit By Zika Threat,Kuala Lumpur,Malaysia
624,Zika spreads to Kuching,Kuching,Malaysia
625,Zika symptoms spotted in Sibu,Sibu,Malaysia
626,Zika arrives in Miri,Miri,Malaysia
627,Authorities are Worried about the Spread of Dengue in Kingston,Kingston,Norfolk Island
629,Varicella re-emerges in Lagos,Lagos,Nigeria
633,Vericella spreading in Ibadan,Ibadan,Nigeria
634,Ibadan tests new cure for Malaria,Ibadan,Nigeria
636,Authorities are Worried about the Spread of Tuberculosis in Abuja,Abuja,Nigeria
638,Respiratory Syncytial Virus Keeps Spreading in Masaya,Masaya,Nicaragua
639,Spike of Rabies Cases in Managua,Managua,Nicaragua
640,Mad Cow Disease Hits Rotterdam,Rotterdam,Netherlands
641,Zika Troubles come to Harlingen,Harlingen,Netherlands
642,Dengue Exposure in Kathmandu,Kathmandu,Nepal
644,Rabies Exposure in Hamilton,Hamilton,New Zealand
645,Lower Hospitalization in Auckland after Hepatitis D Vaccine becomes Mandatory,Auckland,New Zealand
646,More Patients in Cambridge are Getting Diagnosed with Chickenpox,Cambridge,New Zealand
647,Varicella Exposure in Cambridge,Cambridge,New Zealand
649,Influenza Exposure in Muscat,Muscat,Oman
650,Veracruz hit by Zika Concerns,Veracruz,Panama
651,Tocumen tests new cure for Hepatitis A,Tocumen,Panama
654,Rotavirus Vaccine is now Required in Las Cumbres,Las Cumbres,Panama
655,The Spread of Chikungunya in Davidson has been Confirmed,David,Panama
656,Zika Outbreak in Yurimaguas,Yurimaguas,Peru
677,Will West Nile Virus vaccine help Parsons?,Viru,Peru
693,More people in Oak Brook are infected with Respiratory Syncytial Virus every year,Viru,Peru
702,Two more Zika cases confirmed in Laredo,Laredo,Peru
704,Zika Troubles come to Jaen,Jaen,Peru
705,Zika symptoms spotted in Iquitos,Iquitos,Peru
712,Malaria Exposure in Sussex,Mala,Peru
718,More Patients in Magnolia are Getting Diagnosed with Malaria,Mala,Peru
727,Lima tries to address Zika Concerns,Lima,Peru
728,The Spread of Meningitis in Imperial has been Confirmed,Imperial,Peru
731,Lower Hospitalization in Papeete after Measles Vaccine becomes Mandatory,Papeete,French Polynesia
732,"Sulu, Zamboanga brace for Zika",Zamboanga,Philippines
734,Chikungunya Exposure in Toledo,Toledo,Philippines
735,How to Avoid Chlamydia in Santiago,Santiago,Philippines
736,Hepatitis E re-emerges in Santa Rosa,Santa Rosa,Philippines
741,San Juan reports 1st U.S. Zika-related death amid outbreak,San Juan,Philippines
748,Case of Malaria Reported in Aurora,Aurora,Philippines
752,Zika case reported in Rizal,Rizal,Philippines
753,More Quezon City Zika Transmissions,Quezon City,Philippines
755,Zika arrives in Quezon,Quezon,Philippines
757,Zika arrives in Quezon,Quezon,Philippines
759,Mad Cow case in Murcia,Murcia,Philippines
761,Zika alert - Manila now threatened,Manila,Philippines
762,Mandaluyong City under Siege by Virus,Mandaluyong City,Philippines
764,Will Hepatitis B vaccine help La Paz?,La Paz,Philippines
765,Zika Troubles come to Jaen,Jaen,Philippines
766,More Zika patients reported in Indang,Indang,Philippines
767,Zika afflicts 7 in Iloilo City,Iloilo,Philippines
770,More Zika patients reported in Davao,Davao,Philippines
771,More Zika patients reported in Calumpang,Calumpang,Philippines
772,Zika afflicts patient in Calamba,Calamba,Philippines
777,Batangas Tourism Takes a Hit as Virus Spreads,Batangas,Philippines
778,Spreading Zika reaches Bacoor,Bacoor,Philippines
779,Outbreak of Zika in Bacolod City,Bacolod City,Philippines
780,Antipolo under threat from Zika Virus,Antipolo,Philippines
781,Outbreak of Zika in Pasig City,Pasig City,Philippines
783,Zika Outbreak in Hyderabad,Hyderabad,Pakistan
784,Tuberculosis Symptoms Spread all over Caguas,Caguas,Puerto Rico
785,San Juan reports 1st U.S. Zika-related death amid outbreak,San Juan,Puerto Rico
788,Hepatitis C Outbreak in Bethlehem,Bethlehem,Palestinian Territory
789,Spanish Flu Outbreak in Lisbon,Lisbon,Portugal
790,Varicella re-emerges in Lagos,Lagos,Portugal
793,Pedro Juan Caballero Encounters Severe Symptoms of Pneumonia,Pedro Juan Caballero,Paraguay
796,More Patients in Alexandria are Getting Diagnosed with Mumps,Alexandria,Romania
798,Will Measles vaccine help Sochi?,Sochi,Russia
800,More people in Saint Petersburg are infected with Varicella every year,Saint Petersburg,Russia
801,Lung Cancer Rates Increasing in Moscow,Moscow,Russia
803,Mecca tests new cure for Chikungunya,Mecca,Saudi Arabia
805,Meningitis re-emerges in Medina,Medina,Saudi Arabia
807,Rumors about Rabies Spreading in Khartoum have been Refuted,Khartoum,Sudan
808,Spike of Dengue Cases in Stockholm,Stockholm,Sweden
809,Zika cases in Singapore reach 393,Singapore,Singapore
810,Will Swine Flu vaccine help Ljubljana?,Ljubljana,Slovenia
811,Martinsville tests new cure for Measles,Martin,Slovakia
816,More people in Boucau are infected with HIV every year,Bo,Sierra Leone
824,Kedougou tests new cure for Hepatitis C,Kedougou,Senegal
825,Cholera outbreak in Dakar,Dakar,Senegal
826,More Zika cases in Soyapango,Soyapango,El Salvador
827,Zika worries in San Salvador,San Salvador,El Salvador
829,Zika Troubles come to La Libertad,La Libertad,El Salvador
830,Zika Reported in Ilopango,Ilopango,El Salvador
831,Hepatitis C re-emerges in Damascus,Damascus,Syria
834,Zika spreads to Kamphaeng Phet,Kamphaeng Phet,Thailand
835,Zika arrives in Udon Thani,Udon Thani,Thailand
836,Zika case reported in Phetchabun,Phetchabun,Thailand
837,Thailand-Zika Virus in Bangkok,Bangkok,Thailand
838,More Zika patients reported in Chanthaburi,Chanthaburi,Thailand
851,Zika case recorded in Tunapuna >>,Tunapuna,Trinidad and Tobago
852,Sangre Grande Residents Recieve Gonorrhea vaccine,Sangre Grande,Trinidad and Tobago
853,Laventille authorities confirmed the spread of Rhinovirus,Laventille,Trinidad and Tobago
854,New medicine wipes out Tuberculosis in Taipei,Taipei,Taiwan
855,Authorities are Worried about the Spread of Gonorrhea in Taoyuan City,Taoyuan City,Taiwan
856,The Spread of Malaria in Zanzibar has been Confirmed,Zanzibar,Tanzania
857,Malaria Outbreak Hits Zanzibar's Tourist Industry,Zanzibar,Tanzania
859,Tourist Perishes from Malaria in Arusha,Arusha,Tanzania
866,Ebola outbreak in Kampala,Kampala,Uganda
867,Lower Hospitalization in Entebbe after Rabies Vaccine becomes Mandatory,Entebbe,Uganda
868,Birmingham Residents Recieve Rabies vaccine,Birmingham,United States
869,Schools in Birmingham Closed Due to Measles Outbreak,Birmingham,United States
870,Hepatitis B has not Left Florence,Florence,United States
872,Madison lab developing vaccine against Zika virus [The Wisconsin State Journal],Madison,United States
873,Mobile authorities confirmed the spread of Bronchitis,Mobile,United States
874,Oxford tests new cure for HIV,Oxford,United States
875,More Zika patients reported in Bella Vista,Bella Vista,United States
876,Benton Residents Recieve Pneumonia vaccine,Benton,United States
878,Schools in Bentonville Closed Due to Hepatitis B Outbreak,Bentonville,United States
879,Fayetteville authorities confirmed the spread of HIV,Fayetteville,United States
881,Case of Measles Reported in Springdale,Springdale,United States
882,Tuberculosis Outbreak in Newark,Newark,United States
883,Zika arrives in Boca Raton,Boca Raton,United States
884,Zika symptoms spotted in Bonita Springs,Bonita Springs,United States
885,Zika symptoms spotted in Boynton Beach,Boynton Beach,United States
886,Bradenton Experiences Zika Troubles  ,Bradenton,United States
887,Brownsville teen contracts Zika virus,Brownsville,United States
888,Zika case reported in Coral Gables,Coral Gables,United States
889,Zika spreads to Daytona Beach,Daytona Beach,United States
890,Zika Troubles come to Delray Beach,Delray Beach,United States
891,Doral hit by Deadly Virus,Doral,United States
892,Spring break ruined by Zika in Fort Lauderdale,Fort Lauderdale,United States
893,More Zika patients reported in Fort Myers,Fort Myers,United States
894,Zika reported in Fort Pierce,Fort Pierce,United States
895,Gainesville Deals with Disease Concerns,Gainesville,United States
896,Hallandale Beach a Victim of Zika Outbreak,Hallandale Beach,United States
897,Hollywood Outbreak Film Premieres,Hollywood,United States
898,Zika symptoms spotted in Hollywood,Hollywood,United States
900,Zika case reported in Jupiter,Jupiter,United States
901,Zika symtomps spotted in Key West,Key West,United States
902,Zika spreads to Kissimmee,Kissimmee,United States
903,More Zika patients reported in Lakeland,Lakeland,United States
904,Outbreak of Zika in Leesburg,Leesburg,United States
905,Mad Cow Disease Spreads to Margate,Margate,United States
906,Case of Hepatitis E Reported in Melbourne,Melbourne,United States
907,More Zika patients reported in Melbourne,Melbourne,United States
908,Zika Outbreak Hits Miami,Miami,United States
911,Miami resident suggests Zika precautions,Miami,United States
912,Authorities a Miami,Miami,United States
913,Zika Outbreak in South Miami,Miami,United States
915,First Case of Zika in Miami Beach,Miami Beach,United States
917,Mad Cow Disease Hits Naples,Naples,United States
918,Zika Arrives in North Miami,North Miami,United States
920,Zika Reported in North Miami Beach,North Miami Beach,United States
921,Orlando volunteers aid Zika research,Orlando,United States
922,Zika Spreads to Palm Beach Gardens,Palm Beach Gardens,United States
925,Outbreak of Zika in Panama City,Panama City,United States
926,Panama City's first Zika related death,Panama City,United States
927,More Zika patients reported in Pensacola,Pensacola,United States
928,Zika Outbreak in Pinewood,Pinewood,United States
929,Zika spreads to Plant City,Plant City,United States
930,Princeton Encounters Severe Symptoms of Dengue,Princeton,United States
931,Zika Strikes St. Petersburg,St. Petersburg,United States
932,New Zika Case Confirmed in Sarasota County,Sarasota,United States
933,"Zika Patient in Seminole, Florida",Seminole,United States
934,Tallahassee Doctors Discuss Zika Virus,Tallahassee,United States
935,Zika in Tamarac!,Tamarac,United States
936,Tampa Bay Area Zika Case Count Climbs,Tampa,United States
937,Can Zika make it here to Vero Beach?,Vero Beach,United States
939,Zika arrives in West Palm Beach,West Palm Beach,United States
940,Zika virus confirmed in Westchester,Westchester,United States
941,Zika spreads to Winter Park,Winter Park,United States
942,Rumors about Hepatitis D spreading in Albany have been refuted,Albany,United States
944,West Nile Virus Exposure in Alpharetta,Alpharetta,United States
945,Rhinovirus has Arrived in Athens,Athens,United States
946,The CDC in Atlanta is Growing Worried,Atlanta,United States
948,More Zika patients reported in Carrollton,Carrollton,United States
949,First Columbus Zika case,Columbus,United States
953,Fayetteville authorities confirmed the spread of HIV,Fayetteville,United States
954,Gainesville Deals with Disease Concerns,Gainesville,United States
955,Lawrenceville is infested with Dengue,Lawrenceville,United States
956,Authorities are Worried about the Spread of Mad Cow Disease in Rome,Rome,United States
957,Authorities are Worried about the Spread of Influenza in Savannah,Savannah,United States
958,Zika battle outlined at Valdosta meeting,Valdosta,United States
960,Herpes Vaccine is now Required in Mattoon,Mattoon,United States
961,Spike of Pneumonia Cases in Springfield,Springfield,United States
963,Pneumonia Symptoms Spread all over Bloomington,Bloomington,United States
964,First Columbus Zika case,Columbus,United States
965,Hepatitis D Symptoms Spread all over Evansville,Evansville,United States
966,More people in Indianapolis are infected with Norovirus every year,Indianapolis,United States
968,How to Avoid Rhinovirus in Plainfield,Plainfield,United States
970,Authorities are Worried about the Spread of Chickenpox in Richmond,Richmond,United States
971,Hepatitis B Comes to Kansas City,Kansas City,United States
973,Manhattan Residents Recieve HIV vaccine,Manhattan,United States
976,Schools in Danville Closed Due to Tuberculosis Outbreak,Danville,United States
977,Hepatitis B has not Left Florence,Florence,United States
979,West Nile Virus Outbreak in Louisville,Louisville,United States
982,Authorities are Worried about the Spread of Chickenpox in Richmond,Richmond,United States
983,More Patients in Alexandria are Getting Diagnosed with Mumps,Alexandria,United States
984,New details in Baton Rouge cop killings,Baton Rouge,United States
985,New medicine wipes out Herpes in Bossier City,Bossier City,United States
987,Is Lafayette prepared to combat Zika?,Lafayette,United States
989,Spike of Syphilis Cases in West Monroe,Monroe,United States
992,Zika only the latest mosquito-borne threat to New Orleans,New Orleans,United States
993,How to Avoid Gonorrhea in Shreveport,Shreveport,United States
994,Will Swine Flu vaccine help Annapolis?,Annapolis,United States
995,Baltimore plans for Zika virus,Baltimore,United States
996,New Vaccine on Trial in Bethesda District,Bethesda,United States
998,Hepatitis C re-emerges in Damascus,Damascus,United States
999,Dengue Outbreak in Easton,Easton,United States
1000,Case of Chikungunya Reported in Gaithersburg,Gaithersburg,United States
1001,Germantown authorities confirmed the spread of Chickenpox,Germantown,United States
1002,Hepatitis D Symptoms Spread all over North Bethesda,North Bethesda,United States
1004,Will Tuberculosis vaccine help Rockville?,Rockville,United States
1005,New medicine wipes out Mumps in Saint Charles,Saint Charles,United States
1006,Authorities are Worried about the Spread of Bronchitis in Silver Spring,Silver Spring,United States
1007,Tuberculosis re-emerges in Silver Springs,Silver Spring,United States
1008,How to Avoid Hepatitis B in Waldorf,Waldorf,United States
1009,Case of Varicella Reported in Concord,Concord,United States
1010,Spike of Chlamydia Cases in Farmington,Farmington,United States
1011,Gladstone Encounters Severe Symptoms of Dengue,Gladstone,United States
1012,Mumps Outbreak in Joplin,Joplin,United States
1013,Hepatitis B Comes to Kansas City,Kansas City,United States
1014,Manchester Residents Recieve Influenza vaccine,Manchester,United States
1015,New medicine wipes out Mumps in Saint Charles,Saint Charles,United States
1016,Mosquito control efforts in St. Louis take new tactics with Zika threat,St. Louis,United States
1018,Spike of Pneumonia Cases in Springfield,Springfield,United States
1019,Chlamydia Symptoms Spread all over University City,University City,United States
1020,Biloxi Residents Recieve Chlamydia vaccine,Biloxi,United States
1021,First Columbus Zika case,Columbus,United States
1023,Spike of Hepatitis B Cases in Greenville,Greenville,United States
1025,Madison lab developing vaccine against Zika virus [The Wisconsin State Journal],Madison,United States
1026,Oxford tests new cure for HIV,Oxford,United States
1027,Rotavirus Vaccine is now Required in Starkville,Starkville,United States
1028,Tupelo Residents Recieve Syphilis vaccine,Tupelo,United States
1029,Zika cases concern Charlotte residents,Charlotte,United States
1030,Case of Varicella Reported in Concord,Concord,United States
1031,More people in Durham are infected with Chlamydia every year,Durham,United States
1032,Fayetteville authorities confirmed the spread of HIV,Fayetteville,United States
1034,Spike of Hepatitis B Cases in Greenville,Greenville,United States
1036,Jacksonville man hit by Zika,Jacksonville,United States
1038,Spike of Syphilis Cases in West Monroe,Monroe,United States
1041,Will Norovirus vaccine help Raleigh?,Raleigh,United States
1042,Schools in Bridgeton Closed Due to Mumps Outbreak,Bridgeton,United States
1044,Toms River Encounters Severe Symptoms of Respiratory Syncytial Virus,Toms River,United States
1045,Vineland authorities confirmed the spread of Chlamydia,Vineland,United States
1046,Rhinovirus has Arrived in Athens,Athens,United States
1047,First Zika Case in Cincinnati,Cincinnati,United States
1048,First Columbus Zika case,Columbus,United States
1049,Case of Mumps Reported in Dayton,Dayton,United States
1051,Tuberculosis has Arrived in Fairfield,Fairfield,United States
1052,The Spread of West Nile Virus in Fairfield has been Confirmed,Fairfield,United States
1053,Rabies Exposure in Hamilton,Hamilton,United States
1054,Oxford tests new cure for HIV,Oxford,United States
1055,Case of West Nile Virus Reported in Riverside,Riverside,United States
1056,Spike of Pneumonia Cases in Springfield,Springfield,United States
1057,Rabies Outbreak in Altus,Altus,United States
1058,Zika-carrying mosquitoes discovered in Ardmore,Ardmore,United States
1059,Chickenpox Comes to Stillwater,Stillwater,United States
1060,Respiratory Syncytial Virus Vaccine is now Required in Tulsa,Tulsa,United States
1061,Philadelphia experts track pandemic,Philadelphia,United States
1062,Spike of Pneumonia Cases in Springfield,Springfield,United States
1064,Hepatitis B has not Left Florence,Florence,United States
1066,Spike of Hepatitis B Cases in Greenville,Greenville,United States
1067,Chickenpox Hits Simpsonville,Simpsonville,United States
1068,Meningitis re-emerges in Summerville,Summerville,United States
1070,Zika virus reported in Cleveland,Cleveland,United States
1071,Germantown authorities confirmed the spread of Chickenpox,Germantown,United States
1073,Memphis Encounters Severe Symptoms of Swine Flu,Memphis,United States
1074,Rumors about Hepatitis E Spreading in Morristown have been Refuted,Morristown,United States
1075,Nashville takes precautions against Zika,Nashville,United States
1076,Spike of Rhinovirus Cases in Sevierville,Sevierville,United States
1077,Spike of Pneumonia Cases in Springfield,Springfield,United States
1078,Zika case reported in Abilene,Abilene,United States
1080,Zika symptoms spotted in Arlington,Arlington,United States
1081,More Zika patients reported in Austin,Austin,United States
1083,More contaminated cattle reported in Bedford,Bedford,United States
1084,Mad Cow Disease re-emerges in Bedford,Bedford,United States
1085,Brownsville teen contracts Zika virus,Brownsville,United States
1086,More Zika patients reported in Carrollton,Carrollton,United States
1087,Outbreak of Zika in Corpus Christi,Corpus Christi,United States
1088,Dallas man comes down with case of Zika,Dallas,United States
1091,Mad Cow Outbreak Spreading in Ennis,Ennis,United States
1092,More Zika patients reported in Fort Worth,Fort Worth,United States
1093,New medicine wipes out Measles in Fresno,Fresno,United States
1094,Zika case reported in Los Fresnos,Fresno,United States
1095,Frisco Woman Tests Positive For Zika Virus,Frisco,United States
1096,Gainesville Deals with Disease Concerns,Gainesville,United States
1097,"Flu outbreak in Galveston, Texas",Galveston,United States
1098,How to Avoid Norovirus in Greenville,Greenville,United States
1099,Spike of Hepatitis B Cases in Greenville,Greenville,United States
1100,Zika Troubles come to Harlingen,Harlingen,United States
1101,Zika Concerns are Spreading in Houston,Houston,United States
1102,Rumors about Rotavirus spreading in Huntsville have been refuted,Huntsville,United States
1103,Two more Zika cases confirmed in Laredo,Laredo,United States
1105,Zika spreads to Lewisville,Lewisville,United States
1107,Zika arrives in Orange City,Orange,United States
1108,Scientists in Paris to look for answers,Paris,United States
1109,New medicine wipes out Dengue in Saginaw,Saginaw,United States
1110,Zika San Antonio Patient Speaks Out,San Antonio,United States
1111,Zika arrives in San Benito,San Benito,United States
1112,San Juan reports 1st U.S. Zika-related death amid outbreak,San Juan,United States
1123,Outbreak of Zika in Stephenville,Stephenville,United States
1124,More Zika patients reported in Waco,Waco,United States
1125,Zika Outbreak in Weslaco,Weslaco,United States
1126,Zika Outbreak in Wichita Falls,Wichita Falls,United States
1127,More Patients in Alexandria are Getting Diagnosed with Mumps,Alexandria,United States
1128,Zika symptoms spotted in Arlington,Arlington,United States
1130,Schools in Danville Closed Due to Tuberculosis Outbreak,Danville,United States
1131,HIV has Arrived in Fairfax,Fairfax,United States
1132,How to Avoid Chikungunya in Hampton,Hampton,United States
1133,Syphilis Hits Jefferson,Jefferson,United States
1134,Mumps Symptoms Spread all over Jefferson,Jefferson,United States
1135,Outbreak of Zika in Leesburg,Leesburg,United States
1136,Manassas Encounters Severe Symptoms of Measles,Manassas,United States
1137,Norfolk tests new cure for Herpes,Norfolk,United States
1141,Authorities are Worried about the Spread of Chickenpox in Richmond,Richmond,United States
1143,Spike of Pneumonia Cases in Springfield,Springfield,United States
1144,Influenza Keeps Spreading in Suffolk,Suffolk,United States
1145,Will the Mad Cow Outbreak Reach Vienna?,Vienna,United States
1147,Rhinovirus has Arrived in Athens,Athens,United States
1148,Hepatitis C Outbreak in Danbury,Danbury,United States
1149,Rumors about Hepatitis C spreading in Darien have been refuted,Darien,United States
1150,Tuberculosis has Arrived in Fairfield,Fairfield,United States
1151,The Spread of West Nile Virus in Fairfield has been Confirmed,Fairfield,United States
1152,Spike of Chlamydia Cases in Farmington,Farmington,United States
1153,Tuberculosis Outbreak in Hartford,Hartford,United States
1154,Madison lab developing vaccine against Zika virus [The Wisconsin State Journal],Madison,United States
1155,Manchester Residents Recieve Influenza vaccine,Manchester,United States
1156,Spike of Herpes Cases in Meriden,Meriden,United States
1157,Will Measles vaccine help Milford?,Milford,United States
1159,Norwalk Encounters Severe Symptoms of Malaria,Norwalk,United States
1160,Gonorrhea Exposure in Norwalk,Norwalk,United States
1161,How to Avoid Rhinovirus in Plainfield,Plainfield,United States
1162,Hepatitis A re-emerges in Stamford,Stamford,United States
1163,Rhinovirus re-emerges in Storrs,Storrs,United States
1164,Case of Norovirus Reported in Stratford,Stratford,United States
1165,Tests negative on Windsor Zika carriers,Windsor,United States
1166,Davenport is infested with Dengue,Davenport,United States
1167,Iowa City Encounters Severe Symptoms of Rhinovirus,Iowa City,United States
1168,Case of Malaria Reported in Aurora,Aurora,United States
1169,Pneumonia Symptoms Spread all over Bloomington,Bloomington,United States
1170,Bridgeport authorities confirmed the spread of West Nile Virus,Bridgeport,United States
1171,Mad Cow Disease Re-emerges in Chatham,Chatham,United States
1172,Chicago's First Zika Case Confirmed,Chicago,United States
1173,Schools in Danville Closed Due to Tuberculosis Outbreak,Danville,United States
1174,Rumors about Hepatitis C spreading in Darien have been refuted,Darien,United States
1175,Deerfield tests new cure for Measles,Deerfield,United States
1176,Will Gonorrhea vaccine help East Moline?,East Moline,United States
1177,Rumors about Rotavirus Spreading in Joliet have been Refuted,Joliet,United States
1178,The Spread of Hepatitis E in Lansing has been Confirmed,Lansing,United States
1180,Rumors about Pneumonia spreading in Ottawa have been refuted,Ottawa,United States
1181,How to Avoid Rhinovirus in Plainfield,Plainfield,United States
1182,New medicine wipes out Mumps in Saint Charles,Saint Charles,United States
1183,Urbana Encounters Severe Symptoms of Meningitis,Urbana,United States
1184,Zika virus confirmed in Westchester,Westchester,United States
1185,More Patients in Crawfordsville are Getting Diagnosed with Rabies,Crawfordsville,United States
1186,Hepatitis E Hits Hammond,Hammond,United States
1188,Is Lafayette prepared to combat Zika?,Lafayette,United States
1189,How to Avoid Hepatitis E in South Bend,South Bend,United States
1190,Zika symptoms spotted in Arlington,Arlington,United States
1191,"Zika in Belmont, Belmont worry",Belmont,United States
1192,Flu season hits Boston,Boston,United States
1193,More Patients in Cambridge are Getting Diagnosed with Chickenpox,Cambridge,United States
1194,Varicella Exposure in Cambridge,Cambridge,United States
1196,Case of Varicella Reported in Concord,Concord,United States
1197,Hepatitis D Keeps Spreading in Danvers,Danvers,United States
1198,Dengue Outbreak in Easton,Easton,United States
1199,Framingham Residents Receive Measles vaccine,Framingham,United States
1201,How to Avoid Rhinovirus in Medford,Medford,United States
1202,Will Measles vaccine help Milford?,Milford,United States
1204,Varicella has Arrived in Milton,Milton,United States
1205,Rumors about Mumps Spreading in New Bedford have been Refuted,New Bedford,United States
1206,Zika virus case reported in Rockland,Rockland,United States
1208,Spike of Pneumonia Cases in Springfield,Springfield,United States
1209,Birmingham Residents Recieve Rabies vaccine,Birmingham,United States
1210,Schools in Birmingham Closed Due to Measles Outbreak,Birmingham,United States
1212,Varicella Keeps Spreading in Detroit,Detroit,United States
1213,"Bad Water Leads to Sickness in Flint, Michigan",Flint,United States
1215,The Spread of Hepatitis E in Lansing has been Confirmed,Lansing,United States
1216,Marquette tests new cure for Hepatitis A,Marquette,United States
1218,Spike of Syphilis Cases in West Monroe,Monroe,United States
1221,New medicine wipes out Dengue in Saginaw,Saginaw,United States
1223,More Zika patients reported in Austin,Austin,United States
1224,Pneumonia Symptoms Spread all over Bloomington,Bloomington,United States
1225,Duluth Patient in Critical Condition after Contracting Rotavirus,Duluth,United States
1226,Spike of Chlamydia Cases in Farmington,Farmington,United States
1227,Zika investigators coming to Mankato,Mankato,United States
1228,Northfield Encounters Severe Symptoms of Herpes,Northfield,United States
1229,Rochester authorities confirmed the spread of Dengue,Rochester,United States
1230,Herpes Keeps Spreading in Rochester,Rochester,United States
1231,Chickenpox Comes to Stillwater,Stillwater,United States
1232,Malaria Vaccine is now Required in Winona,Winona,United States
1233,The Spread of Hepatitis E in Fargo has been Confirmed,Fargo,United States
1234,First Columbus Zika case,Columbus,United States
1235,Herpes Symptoms Spread all over Fremont,Fremont,United States
1236,Norfolk tests new cure for Herpes,Norfolk,United States
1237,Spike of Rotavirus Cases in Omaha,Omaha,United States
1239,More contaminated cattle reported in Bedford,Bedford,United States
1240,Mad Cow Disease re-emerges in Bedford,Bedford,United States
1241,Case of Varicella Reported in Concord,Concord,United States
1242,Manchester Residents Recieve Influenza vaccine,Manchester,United States
1243,Malaria re-emerges in Nashua,Nashua,United States
1244,Rochester authorities confirmed the spread of Dengue,Rochester,United States
1245,Herpes Keeps Spreading in Rochester,Rochester,United States
1247,More people in Cranford are infected with Hepatitis A every year,Cranford,United States
1249,Madison lab developing vaccine against Zika virus [The Wisconsin State Journal],Madison,United States
1250,Rumors about Hepatitis E Spreading in Morristown have been Refuted,Morristown,United States
1251,New Milford Patient in Critical Condition after Contracting Respiratory Syncytial Virus,New Milford,United States
1252,Tuberculosis Outbreak in Newark,Newark,United States
1254,Zika arrives in Orange City,Orange,United States
1255,How to Avoid Rhinovirus in Plainfield,Plainfield,United States
1256,Princeton Encounters Severe Symptoms of Dengue,Princeton,United States
1257,How to Avoid Hepatitis B in Trenton,Trenton,United States
1258,Authorities are Worried about the Spread of Rotavirus in Union,Union,United States
1259,Rumors about Hepatitis D spreading in Albany have been refuted,Albany,United States
1261,Rumors about Mad Cow Disease Brighton have been Refuted,Brighton,United States
1262,Spike of Pneumonia Cases in The Bronx,The Bronx,United States
1263,Measles has not Left Brooklyn,Brooklyn,United States
1264,Brownsville teen contracts Zika virus,Brownsville,United States
1266,Authorities are Worried about the Spread of Mumps in Corona,Corona,United States
1267,West Nile Virus Keeps Spreading in Hauppauge,Hauppauge,United States
1268,Mumps Hits Howard Beach,Howard Beach,United States
1269,Schools in Huntington Closed Due to Rotavirus Outbreak,Huntington,United States
1270,Ithaca is infested with Dengue,Ithaca,United States
1271,More Patients in Kensington are Getting Diagnosed with Varicella,Kensington,United States
1272,Authorities are Worried about the Spread of Dengue in Kingston,Kingston,United States
1274,Manhattan Residents Recieve HIV vaccine,Manhattan,United States
1275,How to Avoid Rhinovirus in Medford,Medford,United States
1276,Could Zika Reach New York City?,New York City,United States
1277,New medicine wipes out Rabies in Newburgh,Newburgh,United States
1278,Rochester authorities confirmed the spread of Dengue,Rochester,United States
1279,Herpes Keeps Spreading in Rochester,Rochester,United States
1280,Authorities are Worried about the Spread of Mad Cow Disease in Rome,Rome,United States
1281,Ronkonkoma is infested with Chickenpox,Ronkonkoma,United States
1282,Mad Cow Disease Hits Rotterdam,Rotterdam,United States
1283,Malaria Vaccine is now Required in Schenectady,Schenectady,United States
1284,Hepatitis A has not Left Staten Island,Staten Island,United States
1285,Rumors about Dengue Spreading in Syracuse have been Refuted,Syracuse,United States
1286,Authorities are Worried about the Spread of Hepatitis D in Akron,Akron,United States
1287,Case of Malaria Reported in Aurora,Aurora,United States
1289,Gonorrhea has Arrived in Avon Lake,Avon Lake,United States
1290,The Spread of Rhinovirus in Boardman has been Confirmed,Boardman,United States
1291,More Patients in Canton are Getting Diagnosed with Norovirus,Canton,United States
1292,Zika virus reported in Cleveland,Cleveland,United States
1294,Malaria Vaccine is now Required in Elyria,Elyria,United States
1295,Herpes Symptoms Spread all over Fremont,Fremont,United States
1296,Greenwich Establishes Zika Task Force,Green,United States
1299,Kent is infested with Rabies,Kent,United States
1301,Lima tries to address Zika Concerns,Lima,United States
1302,Zika case confirmed in Lorain,Lorain,United States
1303,Meningitis re-emerges in Medina,Medina,United States
1304,Tuberculosis Outbreak in Newark,Newark,United States
1305,Norwalk Encounters Severe Symptoms of Malaria,Norwalk,United States
1306,Gonorrhea Exposure in Norwalk,Norwalk,United States
1307,Chikungunya Exposure in Toledo,Toledo,United States
1308,More people in Allentown are infected with Chlamydia every year,Allentown,United States
1309,Hepatitis C Outbreak in Bethlehem,Bethlehem,United States
1310,Dengue Outbreak in Easton,Easton,United States
1311,Erie County sets Zika traps,Erie,United States
1312,Syphilis Outbreak in Harrisburg,Harrisburg,United States
1313,Pittsburgh Residents Recieve Norovirus vaccine,Pittsburgh,United States
1314,Scranton authorities confirmed the spread of Gonorrhea,Scranton,United States
1316,Providence Encounters Severe Symptoms of Dengue,Providence,United States
1317,Germantown authorities confirmed the spread of Chickenpox,Germantown,United States
1319,Lower Hospitalization in Janesville after Varicella Vaccine becomes Mandatory,Janesville,United States
1320,Madison lab developing vaccine against Zika virus [The Wisconsin State Journal],Madison,United States
1321,Milwaukee authorities confirmed the spread of Rhinovirus,Milwaukee,United States
1322,West Nile Virus Exposure in Racine,Racine,United States
1323,Wisconsin Rapids Patient in Critical Condition after Contracting Chickenpox,Wisconsin Rapids,United States
1324,Bridgeport authorities confirmed the spread of West Nile Virus,Bridgeport,United States
1325,Will Mad Cow Vaccine Help Bristol?,Bristol,United States
1326,How to Avoid Pneumonia in Bullhead City,Bullhead City,United States
1327,Hepatitis B has not Left Florence,Florence,United States
1328,Phoenix Residents Recieve Syphilis vaccine,Phoenix,United States
1330,New medicine wipes out Chikungunya in Tucson,Tucson,United States
1331,Zika seminars in Yuma County,Yuma,United States
1332,Alameda Residents Recieve Rabies vaccine,Alameda,United States
1333,Rumors about Hepatitis D spreading in Albany have been refuted,Albany,United States
1335,Pneumonia Exposure in Alhambra,Alhambra,United States
1336,Norovirus Vaccine is now Required in Anaheim,Anaheim,United States
1337,The Spread of Chikungunya in Arcadia has been Confirmed,Arcadia,United States
1338,Rhinovirus Hits Bakersfield,Bakersfield,United States
1339,Barstow Patient in Critical Condition after Contracting Herpes,Barstow,United States
1342,"Zika in Belmont, Belmont worry",Belmont,United States
1343,More people in Berkeley are infected with Swine Flu every year,Berkeley,United States
1344,Pneumonia Symptoms Spread all over Bloomington,Bloomington,United States
1345,Rumors about Varicella spreading in Carlsbad have been refuted,Carlsbad,United States
1346,Chickenpox has Arrived in Chula Vista,Chula Vista,United States
1347,Authorities are Worried about the Spread of Varicella in Clovis,Clovis,United States
1348,Case of Varicella Reported in Concord,Concord,United States
1350,Authorities are Worried about the Spread of Mumps in Corona,Corona,United States
1351,Will West Nile Virus vaccine help Coronado?,Coronado,United States
1352,Schools in Danville Closed Due to Tuberculosis Outbreak,Danville,United States
1353,More Patients in Dublin are Getting Diagnosed with Bronchitis,Dublin,United States
1354,Escondido neighborhood to get sprayed for Zika virus,Escondido,United States
1355,Tuberculosis has Arrived in Fairfield,Fairfield,United States
1356,The Spread of West Nile Virus in Fairfield has been Confirmed,Fairfield,United States
1357,Hepatitis A re-emerges in Foster City,Foster City,United States
1358,Herpes Symptoms Spread all over Fremont,Fremont,United States
1359,New medicine wipes out Measles in Fresno,Fresno,United States
1360,Zika case reported in Los Fresnos,Fresno,United States
1361,Bronchitis Keeps Spreading in Hayward,Hayward,United States
1362,Authorities are Worried about the Spread of Chickenpox in Hemet,Hemet,United States
1363,Hollywood Outbreak Film Premieres,Hollywood,United States
1364,Zika symptoms spotted in Hollywood,Hollywood,United States
1365,The Spread of Meningitis in Imperial has been Confirmed,Imperial,United States
1366,Swine Flu re-emerges in La Jolla,La Jolla,United States
1367,Is Lafayette prepared to combat Zika?,Lafayette,United States
1369,How to Avoid Rhinovirus in Lemon Grove,Lemon Grove,United States
1370,New Los Angeles Hairstyle goes Viral,Los Angeles,United States
1371,Madera Patient in Critical Condition after Contracting Rabies,Madera,United States
1372,Tuberculosis Outbreak in Newark,Newark,United States
1373,Norwalk Encounters Severe Symptoms of Malaria,Norwalk,United States
1374,Gonorrhea Exposure in Norwalk,Norwalk,United States
1375,Zika Virus Arrives in Ontario,Ontario,United States
1376,More Patients in Orange are Getting Diagnosed with Chickenpox,Orange,United States
1377,Zika arrives in Orange City,Orange,United States
1378,Outbreak of Zika in Palm Springs,Palm Springs,United States
1379,Lower Hospitalization in Palm Springs after Hepatitis A Vaccine becomes Mandatory,Palm Springs,United States
1380,More people in Palo Alto are infected with HIV every year,Palo Alto,United States
1382,New medicine wipes out Influenza in Redlands,Redlands,United States
1384,Authorities are Worried about the Spread of Chickenpox in Richmond,Richmond,United States
1385,Case of West Nile Virus Reported in Riverside,Riverside,United States
1386,Influenza has not Left Sacramento,Sacramento,United States
1387,How to Avoid Respiratory Syncytial Virus in San Bernardino,San Bernardino,United States
1388,Key Zika Findings in San Diego Institute,San Diego,United States
1389,Zika Virus Reaches San Francisco,San Francisco,United States
1390,Rhinovirus Comes to San Jose,San Jose,United States
1391,Pneumonia Exposure in San Jose,San Jose,United States
1392,Rumors about Hepatitis D Spreading in San Juan Capistrano have been Refuted,San Juan Capistrano,United States
1394,Santa Barbara tests new cure for Hepatitis C,Santa Barbara,United States
1395,How to Avoid Tuberculosis in Santa Monica,Santa Monica,United States
1396,Hepatitis E re-emerges in Santa Rosa,Santa Rosa,United States
1397,Schools in Tulare Closed Due to Mumps Outbreak,Tulare,United States
1398,New medicine wipes out West Nile Virus in Ventura,Ventura,United States
1401,Tests negative on Windsor Zika carriers,Windsor,United States
1402,Arvada is infested with Syphilis,Arvada,United States
1403,Case of Malaria Reported in Aurora,Aurora,United States
1404,Rumors about Mad Cow Disease Brighton have been Refuted,Brighton,United States
1405,Chikungunya Hits Denver,Denver,United States
1406,Durango is infested with Hepatitis B,Durango,United States
1407,Spike of Hepatitis C Cases in Golden,Golden,United States
1408,Is Lafayette prepared to combat Zika?,Lafayette,United States
1410,West Nile Virus Outbreak in Louisville,Louisville,United States
1411,Spike of Tuberculosis Cases in Albuquerque,Albuquerque,United States
1412,Rumors about Varicella spreading in Carlsbad have been refuted,Carlsbad,United States
1413,Authorities are Worried about the Spread of Varicella in Clovis,Clovis,United States
1414,Spike of Chlamydia Cases in Farmington,Farmington,United States
1415,Bronchitis Symptoms Spread all over Santa Fe,Santa Fe,United States
1416,Respiratory Syncytial Virus Hits Henderson,Henderson,United States
1417,Will HIV vaccine help Las Vegas?,Las Vegas,United States
1418,The Spread of Gonorrhea in Reno has been Confirmed,Reno,United States
1419,Zika Virus Sparks 'International Concern',Sparks,United States
1420,El Paso fighting Zika,El Paso,United States
1421,Zika Virus Detected in Lubbock,Lubbock,United States
1422,Pneumonia Exposure in Alhambra,Alhambra,United States
1423,HIV Keeps Spreading in Boulder,Boulder,United States
1424,Erie County sets Zika traps,Erie,United States
1426,Fort Collins Encounters Severe Symptoms of Gonorrhea,Fort Collins,United States
1427,Tests negative on Windsor Zika carriers,Windsor,United States
1428,Malaria re-emerges in Boise,Boise,United States
1429,Lung Cancer Rates Increasing in Moscow,Moscow,United States
1430,BREAKING - Zika in Missoula,Missoula,United States
1431,Hepatitis D Keeps Spreading in Bismarck,Bismarck,United States
1432,Varicella Outbreak in Minot,Minot,United States
1433,Rumors about Rotavirus spreading in North Platte have been refuted,North Platte,United States
1434,Rumors about Hepatitis D spreading in Albany have been refuted,Albany,United States
1435,Albany Residents Recieve Respiratory Syncytial Virus vaccine,Albany,United States
1437,Dallas man comes down with case of Zika,Dallas,United States
1438,Hillsborough uses innovative trap against Zika 20 minutes ago,Hillsboro,United States
1439,How to Avoid Rhinovirus in Medford,Medford,United States
1440,Rumors about Chlamydia spreading in Redmond have been refuted,Redmond,United States
1441,Rumors about West Nile Virus Spreading in Salem have been Refuted,Salem,United States
1442,Spike of Pneumonia Cases in Springfield,Springfield,United States
1443,Spike of Chlamydia Cases in Farmington,Farmington,United States
1444,Ogden is infested with Gonorrhea,Ogden,United States
1445,Salt Lake City tests new cure for Respiratory Syncytial Virus,Salt Lake City,United States
1446,Pneumonia Outbreak in Springville,Springville,United States
1447,Rumors about Dengue Spreading in Syracuse have been Refuted,Syracuse,United States
1448,Zika symptoms spotted in Arlington,Arlington,United States
1449,Kent is infested with Rabies,Kent,United States
1450,Lower Hospitalization in Lakewood after Hepatitis B Vaccine becomes Mandatory,Lakewood,United States
1451,Lower Hospitalization in Monroe after Hepatitis D Vaccine becomes Mandatory,Monroe,United States
1452,Spike of Syphilis Cases in West Monroe,Monroe,United States
1453,West Nile Virus Hits Monroe,Monroe,United States
1454,The Spread of Respiratory Syncytial Virus in Monroe has been Confirmed,Monroe,United States
1455,Rumors about Chlamydia spreading in Redmond have been refuted,Redmond,United States
1456,Richland Center is infested with Hepatitis B,Richland,United States
1457,"Seattle scientists get $500,000 grant to pursue Zika vaccine New 7:50 pm",Seattle,United States
1458,The Spread of Measles in Spokane has been Confirmed,Spokane,United States
1459,HIV has Arrived in Tacoma,Tacoma,United States
1460,Case of Measles Reported in Vancouver,Vancouver,United States
1462,The Spread of Dengue in Yakima has been Confirmed,Yakima,United States
1463,New medicine wipes out HIV in Kihei,Kihei,United States
1464,Measles Vaccine is now Required in Wailuku,Wailuku,United States
1465,Varicella has Arrived in Milton,Milton,United States
1467,Stony Brook University experts discuss Zika virus,University,United States
1468,Fort Hood Reports its First Zika Patient,Fort Hood,United States
1469,Trinidad confirms first Zika case,Trinidad,Uruguay
1470,Montevideo Encounters Severe Symptoms of Rotavirus,Montevideo,Uruguay
1471,Will Hepatitis B vaccine help La Paz?,La Paz,Uruguay
1473,"Zika Mosquitoes May Have Bred in Bromeliads, Florida Officials Say",Florida,Uruguay
1474,Bronchitis Keeps Spreading in San Mateo,San Mateo,Venezuela
1477,Caracas patient dies,Caracas,Venezuela
1479,Spanish Flu Outbreak in Barcelona,Barcelona,Venezuela
1480,Barcelona Struck by Spanish Flu,Barcelona,Venezuela
1481,Barcelona Struck by Spanish Flu ,Barcelona,Venezuela
1482,Saint Croix under Zika threat,Saint Croix,U.S. Virgin Islands
1483,Zika cases in Vietnam's Ho Chi Minh City surge,Ho Chi Minh City,Vietnam
1484,Nha Trang Zika Outbreak,Nha Trang,Vietnam
1485,Hospitals in Hanoi fill up with Zika patients,Hanoi,Vietnam
1486,Chlamydia Exposure in Sanaa,Sanaa,Yemen
1491,Lower Hospitalization in Richmond after Mumps Vaccine becomes Mandatory,Richmond,South Africa
1492,Authorities are Worried about the Spread of Chickenpox in Richmond,Richmond,South Africa
1493,Will Herpes vaccine help Newcastle?,Newcastle,South Africa
1494,Mad Cow Disease Spreads to Margate,Margate,South Africa
1495,Malaria is Spreading in Johannesburg,Johannesburg,South Africa
1496,Johannesburg Patient in Critical Condition after Contracting Pneumonia,Johannesburg,South Africa
1497,Hepatitis C Outbreak in Bethlehem,Bethlehem,South Africa
1498,West Nile Virus re-emerges in Wellington,Wellington,South Africa
1499,Mpika authorities confirmed the spread of Chikungunya,Mpika,Zambia
1500,More people in Kitwe are infected with Respiratory Syncytial Virus every year,Kitwe,Zambia
1501,Harare is infested with Pneumonia,Harare,Zimbabwe
